name,time,status
lh,2019-01-22 11:04:11,success
xs,2019-01-22 11:04:11,fail
dxd,2019-01-22 11:04:11,success
lh,2019-01-22 11:04:11,request
zp,2019-01-22 11:04:11,fail
xs,2019-01-22 11:04:11,request
dxd,2019-01-22 11:04:11,request
lh,2019-01-22 11:04:11,request
xs,2019-01-22 11:04:11,success
dxd,2019-01-22 11:04:11,success
dxd,2019-01-22 11:04:11,request
lh,2019-01-22 11:04:11,request
xs,2019-01-22 11:04:11,fail
dxd,2019-01-22 11:04:11,success
dxd,2019-01-22 11:04:11,request
lh,2019-01-22 11:04:11,success
zp,2019-01-22 11:04:11,fail
xs,2019-01-22 11:04:11,request
lh,2019-01-22 11:04:11,request
zp,2019-01-22 11:04:11,fail
xs,2019-01-22 11:04:11,success
hnx,2019-01-22 11:04:11,success
dxd,2019-01-22 11:04:11,request
csy,2019-01-22 11:04:11,success
zp,2019-01-22 11:04:11,fail
xs,2019-01-22 11:04:11,request
lh,2019-01-22 11:04:11,request
zp,2019-01-22 11:04:11,fail
zp,2019-01-22 11:04:11,success